﻿id,attribute_id,value
1,1,Combo Premium Pen + Cover Fabric Chính Hãng
2,1,Premium Pen
3,1,Basic Pen
4,2,12 Thàng
5,2,Mpac12 Cánh Mở
6,2,Bảo Hành Toàn Quốc
7,2,3 Tháng
8,2,Mpac12b Cánh Đảo
9,3,I7 - 8700t
10,3,Chip M4
11,3,I5 - 8500t
12,3,I3 - 8100t
13,3,Chip M4 Pro
14,3,I5 - 8400t
15,4,12.000 Btu 25m2 - 35m2
16,4,14.000 Btu 30-40m2
17,4,18000btu 2hp
18,4,12000btu 1.5hp
19,4,9000 Btu 15-25m2
20,4,17500btu 2hp
21,4,12.000 Btu - Cánh Đảo 35m2
22,4,9000btu 1hp
23,4,12.000 Btu Pac12
24,4,12.000 Btu 20-35m2
25,4,10.000 Btu 20m2- 30m2
26,4,12000btu 2hp
27,4,10.000 Btu 17-30m2
28,4,12000 Btu Cánh Đảo
29,5,4gb/64gb
30,5,Zoom 6x + Thẻ 128gb
31,5,128gb
32,5,6gb
33,5,256gb Ssd Pcie
34,5,8gb
35,5,32gb
36,5,Kèm Thẻ 128gb
37,5,16gb Hỏa Tốc 2h
38,5,12gb/512gb
39,5,16gb/ 256gb
40,5,Thẻ 64gb
41,5,Zoom 6x + Thẻ 64gb
42,5,16gb
43,5,12gb/256gb
44,5,6gb/128gb
45,5,Không Thẻ
46,5,16gb /256gb 2024
47,5,Thẻ 128gb
48,5,8gb/128gb
49,5,8gb - Orange Cover For Kid
50,5,Kèm Thẻ 256gb
51,5,Không Thẻ Nhớ
52,5,Không Kèm Thẻ
53,5,Zoom 6x Không Thẻ
54,5,Zoom 6x + Thẻ 32gb
55,5,Ssd 256gb
56,5,8gb / 256gb
57,5,Kèm Thẻ 64gb
58,5,16 Gb
59,5,Space Black - 24gb/ 512gb
60,5,8gb - Hỏa Tốc 2h
61,5,Ssd 128gb
62,5,Ssd 512gb
63,5,8gb - Green Cover For Kid
64,5,8 Gb
65,5,4gb/128gb
66,5,32gb-đen
67,5,16gb - Black Cover For Kid
68,5,512gb Ssd Pcie
69,5,Kèm Thẻ 32gb
70,5,Thẻ 256gb
71,5,8gb - Black Cover For Kid
72,5,256gb
73,5,Thẻ 32gb
74,5,Barebone Chưa Gồm Ram Và Ổ Cứng
75,5,64gb
76,5,3gb/64gb
77,5,64gb - Premium Pen
78,6,Windows 11 Bản Quyền
79,6,Camera + Thẻ Nhớ 64gb
80,6,Camera + Thẻ Nhớ 128gb
81,6,Camera Không Thẻ
82,6,Camera + Thẻ 32gb
83,6,Windows 11
84,6,Camera + Thẻ 64gb
85,6,Camera Không Kèm Thẻ Nhớ
86,6,Camera + Thẻ Nhớ 32gb
87,7,Mặc Định
88,8,4gb/64gb
89,8,Bộ 1 Cam
90,8,Chỉ Cam 10mp
91,8,Ram 8gb / Ssd 256gb
92,8,01 Camera - Ổ Cứng 500gb
93,8,Không Camera
94,8,A2 - 4mp
95,8,Ranger 2 - 4mp
96,8,Camera + Thẻ 128
97,8,Chỉ Camera
98,8,H8c3mp-kèm Thẻ 128gb
99,8,10m
100,8,Bút Basic Pen
101,8,Thẻ 32g + Chân Đế
102,8,F22p
103,8,Aw200
104,8,Cam 6mp + Thẻ 128g
105,8,4gb/128gb
106,8,I3-4130/4g/120g/500g
107,8,Kèm Thẻ Imou 32gb
108,8,Core I5 10th/ Ram16gb/ 512gb
109,8,Tặng Kèm Thẻ Nhớ 32g
110,8,Cấu Hình 6
111,8,Tapo C220 + Thẻ 64gb
112,8,2k - 3mp
113,8,Camera+thẻ64gbgb
114,8,Camera + Thẻ 32g
115,8,Camera + Thẻ 128gb
116,8,A52p 5mpx Kèm Thẻ 64gb
117,8,Camera Kèm Bộ Nhớ 64gb
118,8,C6n - 2.0mp
119,8,2mp/1080p
120,8,"Câu Hình 2 I5 3470, 8g, Ssd 120g + Lắp Thêm Hdd 250g"
121,8,Camera Không Kèm Thẻ Nhớ
122,8,Camera+thẻ128gb
123,8,Chỉ Pc Dell I3
124,8,Kèm Thẻ Nhớ 64g
125,8,Thẻ 32g
126,8,Ram 16gb + Ssd 256gb
127,8,C6n 2m
128,8,Imou F22fp
129,8,Cam + Thẻ 32gb
130,8,F52fp 5mpx Đèn Màu + Thẻ 32gb
131,8,Chỉ Fire Max 11
132,8,Ram12/ssd1t
133,8,Bút Premium Pen
134,8,Core I5-6500 / Ram 8gb Ssd 256gb
135,8,Ys2304-c Không Thẻ
136,8,Camera Ipc-a22ep Và Thẻ Kingston 16gb
137,8,Tapo C220 + Thẻ 32gb
138,8,Camera H1c-64gb
139,8,Imou A22ep 2mp
140,8,Fire Hd10 202111th - Denim
141,8,Camera + Thẻ Nhớ 128g
142,8,"I7 8650, Fhd 16gb, 512gb"
143,8,256gb
144,8,Cruiser
145,8,Mới 100% Full Box
146,8,C6n 2mp Kèm Thẻ 32g
147,8,Camera Kèm Thẻ 32gb
148,8,Cam 10mp + Thẻ 64g
149,8,Kindle Paperwhite 6
150,8,Core I7 / Card 4gb / Mh 22
151,8,4gb/64gb - Lte
152,8,7604ni-k1
153,8,Cruiser Se S41fp 4m 2k
154,8,Hỏa Tốc 2h Hà Nội
155,8,Không Có Bộ Nhớ
156,8,C6n 4mp Kèm Thẻ 32g
157,8,6m0wed 3mp+3mp
158,8,4/128gb
159,8,02 Camera - Ổ Cứng 500gb
160,8,Tapo C120
161,8,F52fp 5mpx Đèn Màu
162,8,Camera Ipc-a22ep Và Thẻ Kingston 32gb
163,8,Ram 16gb Ssd 512gb
164,8,Camera Kèm Bộ Nhớ 32gb
165,8,Core I5 10th/ Ram 8gb/ 256gb
166,8,Đế Imou - Sl 05 Cái
167,8,Tapo C500
168,8,Camera Kèm Thẻ 32g
169,8,I3-4130/8g/120g/500g
170,8,Camera H1c Không Kèm Thẻ
171,8,6gb/128gb
172,8,Thẻ Nhớ 128gb
173,8,Es104 - Trong Nhà
174,8,Camera Không Kèm Thẻ
175,8,Ram 4gb / Ssd 128gb
176,8,Kèm Thẻ Nhớ 16gb
177,8,Cam H7c+thẻ 128g
178,8,Camera C500 Pro
179,8,3gb/32gb
180,8,A52p 5mpx Kèm Thẻ 128gb
181,8,F32fp 3mpx Đèn Màu + Thẻ 64gb
182,8,Camera + Hộp Kỹ Thuật 12x12
183,8,Cam 6mp Không Thẻ
184,8,56h0t-itmf
185,8,Camera Kèm Thẻ 64gb
186,8,Cs-c8w-4mp-32gb
187,8,Ko Kèm Thẻ Nhớ
188,8,I3-4130/4g/hdd500g
189,8,Loại 5v-2a
190,8,7608nxi-k2
191,8,Bộ 4 Cam
192,8,Kèm Thẻ 32g
193,8,A32ep+thẻ64gb
194,8,7616nxi-k2
195,8,Loại 12v-2a
196,8,Kèm Thẻ 64gb
197,8,Camera + Chân Đế
198,8,Camera + Thẻ Nhớ 64g
199,8,7608ni-k1
200,8,Cam + Thẻ Nhớ 32g
201,8,Cấu Hình 4
202,8,Cam + Thẻ 64gb
203,8,Tapo C220
204,8,F22p Không Thẻ
205,8,Cam + Thẻ Nhớ 128g
206,8,Core I5 6th Ram 8gb Ssd 256gb
207,8,Cue 2
208,8,Camera Kèm Bộ Nhớ 128gb
209,8,H3c-2mp-color-128gb
210,8,Chỉ H9c 6mp
211,8,Tapo C520ws
212,8,12gb/512gb
213,8,Ezviz C6n 4mp 2k
214,8,10m0wed 5mp+5mp
215,8,8gb/128gb
216,8,Ranger A2 2mp
217,8,Bộ Nhớ 32g
218,8,Cp6 Không Thẻ Nhớ
219,8,Rex Vt
220,8,Mất Hộp
221,8,F22p 2mpx + 32gb
222,8,Camera + Thẻ 64gb
223,8,Camera H1c-128gb
224,8,Cam 4.0mp+thẻ 128g
225,8,Camera Ezviz C8w 4m
226,8,Ezviz H8 5m 3k
227,8,Core I7 6700/ Ram 8gb / Ssd 512gb
228,8,A52p 5mpx Kèm Thẻ 32gb
229,8,Kèm Thẻ Nhớ 128g
230,8,Ram12/ssd256
231,8,C6n 4m Sắc Nét
232,8,Thẻ 32gb
233,8,Chỉ H9c 10mp
234,8,Core I5 - 6300/ Ram Ddr4 12gb / Ssd 256gb
235,8,Cam 6mp + Thẻ 64g
236,8,F32fp 3mpx Đèn Màu
237,8,Cam + 64g Sandisk
238,8,Không Thẻ
239,8,Aw300
240,8,Bullet 2c 2mpipc-f22p-d
241,8,16gb | 256
242,8,Camera +thẻ 32gb +đế
243,8,Cam+thẻ128gbkingston
244,8,Cam 10mp Không Thẻ
245,8,Zx06 N150 Ram12/ssd256
246,8,A32 3mpx Kèm Thẻ 128gb
247,8,H6c Pro 2.0
248,8,A32 3mpx
249,8,3.5m
250,8,7108-ai 8 Kênh
251,8,H9c 6mp-64g
252,8,12v6a 72w
253,8,F22p+ Thẻ 128g
254,8,Imou A22ep 2mp + Thẻ Nhớ 32g
255,8,Es106 - Ngoài Trời
256,8,H8c3mp-kèm Thẻ 32gb
257,8,F22p 2mpx
258,8,Ram 4gb
259,8,Cam 4.0mp 400mwg-e
260,8,Bộ 2 Cam
261,8,Bullet F22fp Có Màu
262,8,Tapo C220 + Thẻ 128gb
263,8,Chỉ Cam H7c
264,8,Đế Imou - Sl 1 Cái
265,8,Cam 6mp+thẻ 128g
266,8,F22p Tiêu Chuẩn
267,8,Chỉ Có Camera
268,8,Camera C301
269,8,Cấu Hình 1
270,8,Tenda Ct3 Kèm Thẻ 64gb
271,8,Ram 4gb Bộ Nhớ 64gb
272,8,Cam 10mp + Thẻ 128g
273,8,Đế Ezviz - Sl10 Cái
274,8,A52p 5mpx
275,8,Thẻ 64gb
276,8,Camera + Thẻ 32gb
277,8,Tặng Kèm Thẻ Nhớ 64g
278,8,Cam+thẻ 64gbkingston
279,8,Core I5 6300/ Ram Ddr4 - 4gb / Ssd Nvme 128gb
280,8,Cpu I3-3220/ram 4g/ssd 120g
281,8,Cam + Thẻ Nhớ 64g
282,8,Kèm Thẻ 64g
283,8,Camera
284,8,S41fp 4m
285,8,Mẫu C301
286,8,3k - 5mp
287,8,Camera+thẻ64gb
288,8,Ram 16gb
289,8,Cruiser 2 3mp
290,8,Máy Pos
291,8,H3c Có Màu Ban Đêm
292,8,Clara Colour
293,8,Camera + Thẻ Nhớ 32gb
294,8,Ezviz H8 3m 2k
295,8,Rex Vt Pro
296,8,Không Kèm Thẻ Nhớ
297,8,Đế Imou - Sl 10 Cái
298,8,7604ni-k1/4p
299,8,Cam 10mp+thẻ 128g
300,8,5m
301,8,Chỉ Thẻ 32g
302,8,Camera Kèm Thẻ 128gb
303,8,"I7 - 7500, Fhd 16gb, 256gb"
304,8,6l Trắng - Cat Head
305,8,A22ep 2m 1080p
306,8,Có Wifi
307,8,F22p + Thẻ 64g
308,8,Ram 8gb + Ssd 256gb
309,8,7104-ai 4 Kênh
310,8,Ram 16gb / Ssd 256gb
311,8,32l Trắng
312,8,Ys2304-c + Thẻ 64gb
313,8,Core I5 7th Ram 8gb Ssd 256gb
314,8,Kèm Chân Đế
315,8,Kèm Thẻ 32gb
316,8,F52fp 5mpx Đèn Màu + Thẻ 64gb
317,8,Barebone Chưa Gồm Ram Và Ổ Cứng
318,8,Camera C6n
319,8,Trọn Bộ Pc + Mh 22
320,8,Cấu Hình 3
321,8,Tenda Ct3 Kèm Thẻ 32gb
322,8,Kèm Thẻ 128gb
323,8,Cam 2.0mp+thẻ 64g
324,8,Core I3 6100/ Ram 4gb/ Ssd 128gb
325,8,Ys2304-c + Thẻ 32gb
326,8,Ranger A2 4mp
327,8,Cruiser Se S21fp 2m
328,8,S21fp 2m + Thẻ Nhớ 32g
329,8,Imou A42p 4mp
330,8,Tapo C320ws Only
331,8,Thẻ 64g
332,8,Ep0112tu - 16gb
333,8,H3c-2mp-color-64gb
334,8,Cruiser Se
335,8,Ezviz C6n 4mp
336,8,S41fp 4m + Thẻ Nhớ 32g
337,8,12v2a 24w
338,8,Camera Kèm Thẻ 64g
339,8,Cấu Hình 2
340,8,Hộp Kỹ Thuật
341,8,Loại 9v-2a
342,8,Cue 2e
343,8,7632nxi-k2
344,8,Ram 16gb + Ssd 512gb
345,8,Ocean Explorer
346,8,Cruiser 2mp Ipc-s22fp
347,8,Alpha 6400 Body
348,8,Máy Pos + Phần Mềm
349,8,Kèm Thẻ Imou 64gb
350,8,A42ep 4m 2k Siêu Nét
351,8,Ship Nhanh
352,8,Core I5 - 6300/ Ram Ddr4 8gb / Ssd 128gb
353,8,Ezviz C3n
354,8,H6c Pro 4mp Kèm Thẻ 128gb
355,8,512gb
356,8,C6n - 4.0mp
357,8,F22p 2mpx + 64gb
358,8,Zx06 N150 /ram12 / Ssd512
359,8,8gb L 128gb
360,8,Cấu Hình Đặc Biệt
361,8,4gb/64gb - Wifi
362,8,Cam 6mp+thẻ 64g
363,8,Cam 4.0mp+thẻ 64g
364,8,Ssd 512gb
365,8,H3c-2mp-color-32gb
366,8,Không
367,8,I3-4130/4g/hdd250g
368,8,Ram 8gb
369,8,Camera+thẻ32gb
370,8,Cpu I5-4570/ram 4g/ssd 120g/hdd 500g
371,8,Es105 - Trong Nhà
372,8,Chỉ Màn Hình K Vision 22 Inch
373,8,Core I5 / Card 2gb/ Mh 22
374,8,7616ni-k2/16p
375,8,H6c Pro 4mp Kèm Thẻ 64gb
376,8,Tenda Ct3 Không Kèm Thẻ Nhớ
377,8,Đế Ezviz - Sl1 Cái
378,8,Tapo C510w
379,8,1m
380,8,12gb/256gb
381,8,Ranger Se + Thẻ 32gb
382,8,H8c3mp-không Kèm Thẻ
383,8,Bộ Nhớ 64g
384,8,Bộ 3 Cam
385,8,Core I7 6500 8gb Ssd 512gb
386,8,Trong Nhà 2 Mắt
387,8,Cam + 32g Sandisk
388,8,Ssd 256gb
389,8,Hỏa Tốc 2h Tphcm
390,8,Camera + Thẻ Nhớ 32g
391,8,Camera Ipc-a22ep Và Thẻ Kingston 64gb
392,8,Cam Không Thẻ
393,8,Đế Ezviz - Sl 05 Cái
394,8,Tapo C210
395,8,Tenda Ct3 Kèm Thẻ 128gb
396,8,Core I7 6700/ Ram 8gb / Ssd 256gb
397,8,Tapo C200
398,8,12v5a 60w
399,8,Cấu Hình 5
400,8,S21fp 2m
401,8,Không Mua Thẻ Nhớ
402,8,Camera Kèm Thẻ 128
403,8,Chỉ H6c 4.0
404,8,Cam 10mp+thẻ 64g
405,8,"22,990,000"
406,8,A32 3mpx Kèm Thẻ 32gb
407,8,Cam + Thẻ 128g
408,8,Unicorn Valley
409,8,Kèm Thẻ Nhớ 32gb
410,8,Thẻ Nhớ 32gb
411,8,17h0t-it5f
412,8,F22p+ Thẻ 32g
413,8,Có
414,8,Ezviz C6n
415,8,04 Camera - Ổ Cứng 500gb
416,8,C6n + Thẻ Nhớ 32 Gb
417,8,Clara Bw
418,8,"Cam, Sd Card Not Include"
419,8,Core I5 - 6300/ Ram Ddr4 8gb / Ssd 256gb
420,8,Camera Không Thẻ
421,8,Ram 16gb + Ssd 1tb
422,8,Kèm Thẻ Nhớ 128gb
423,8,Cam + 128g Sandisk
424,8,Camera + Thẻ 128g
425,8,7608nxi-k2/8p
426,8,128gb
427,8,Ram12/ssd512
428,8,Thẻ 128g
429,8,Tapo C212
430,8,Thẻ 128gb
431,8,Quốc Tế
432,8,Không Thẻ Nhớ
433,8,Chỉ Cam 6mp
434,8,"I5 7300, Fhd 8gb, 256gb"
435,8,Tapo C510w + Thẻ Nhớ 64gb
436,8,H6c Pro 4.0
437,8,Tapo C420s2
438,8,Kèm Thẻ Nhớ 64gb
439,8,Cam H7c+thẻ 64g
440,8,"I5 6300, Fhd 8gb, 256gb"
441,8,H3c-2mp-color
442,8,8gb/256gb
443,8,Tapo C211
444,8,H8c3mp-kèm Thẻ 64gb
445,8,Camera + Thẻ 16g
446,8,Cam 2.0mp+thẻ 128g
447,8,Tapo C520ws + Thẻ Nhớ 128gb
448,8,Bullet 2e 2mp Ipc-f22fp
449,8,Chỉ Versa 2mp
450,8,Kèm Thẻ Nhớ 32g
451,8,7632ni-k2/16p
452,8,03 Camera - Ổ Cứng 500gb
453,8,F32fp 3mpx Đèn Màu + Thẻ 32gb
454,8,"I5 8250, Fhd 8gb, 256gb"
455,8,Camera Kèm Thẻ 128g
456,8,Camera + Đế
457,8,Camera + Thẻ 64g
458,8,Ezviz C6n 1080p
459,8,Camera +thẻ 64gb +đế
460,8,Không Kèm Thẻ
461,8,Không Có Wifi
462,8,Tapo C520ws + Thẻ Nhớ 64gb
463,8,H6c Pro 4mp Ko Kèm Thẻ
464,8,Cam 2.0mp 200mwg-e
465,8,Trắng
466,8,4mp/2k
467,8,Thẻ Nhớ 64gb
468,8,Alpha 6400l Lens 16-50
469,8,Ranger Se + Thẻ 64gb
470,8,Ngoài Trời 2 Mắt
471,8,Camera 1080p
472,8,I5-4570/8g/120g/500g
473,8,Fire Hd10 202111th - Black
474,8,Imou A42p 4mp + Thẻ Nhớ 32g
475,8,A32 3mpx Kèm Thẻ 64gb
476,9,Số Lượng 4 Cái
477,9,C8c 5mp
478,9,Gs7ep 5mp 3k
479,9,Ds-2de4415iw-de T5
480,9,Số Lượng 2 Cái
481,9,S2xp-10mp
482,9,F22p 2mpx Hồng Ngoại
483,9,A52p 5mpx
484,9,[mẫu Nâng Cấp] H1c
485,9,Zoom 6x
486,9,S3ep 3mpx Loa Mic
487,9,H3c 2m Ko Màu
488,9,Ds-2de4425iw-de T5
489,9,F32fp 3mpx Có Mic
490,9,H3c 2m Có Màu
491,9,Ds-2de4215iw-de T5
492,9,A32ep 3mpx
493,9,S7xp Cruiser 6mp
494,9,Ys2304-c
495,9,Imou Cue 2 1080p
496,9,F52fp 5mpx Có Mic
497,9,Số Lượng 1 Cái
498,9,H3c 4mp
499,9,H9c 10mp 3k
500,9,S31fep 3mpx Loa Mic
501,9,Gs7ep 3mp 2k
502,9,Cruiser Dual 2
503,9,Qpt36
504,9,Q42d
505,9,Số Lượng 10 Cái
506,9,H9c 6mp 2k
507,9,Ds-2de2c200mw-def0s7
508,9,S51fep 5mpx Loa Mic
509,9,S7xp-10m0wed 10mp
510,9,S2xp-6mp
511,9,S21fp 2mpx Có Mic
512,9,Ds-2de4225iw-de T5
513,9,H3c 3mp
514,9,Imou Cue 2e 1080p
515,9,C8c 4mp
516,9,S3ep 5mpx Loa Mic
517,10,43 Inch
518,10,40 Inch
519,10,32 Inch
520,10,Màn Hình 22 Inch Ips
521,10,Full Hd 1920*1080
522,10,Màn Hình 27 Inch Ips
523,10,Hd 1366x768
524,10,Màn Hình 24 Inch Ips
525,11,Aqua/xanh Dương
526,11,Xanh Dương
527,11,Tím Cực Quang
528,11,Vàng Lemon
529,11,Xanh Băng
530,11,Xanh Trời Sao
531,11,Lilac
532,11,Cam Opal
533,11,Xanh Mòng Két
534,11,Blue
535,11,Xanh Ngọc Lam
536,11,Đỏ Tinh Vân
537,11,Xanh Ánh Sao
538,11,Tím Sương Mai
539,11,Titan Đen
540,11,Đen Bóng
541,11,Xanh Hoàng Gia
542,11,Xanh Cỏ Ba Lá
543,11,Đen Bóng Đêm
544,11,Đen Huyền Ảo
545,11,Space Whale
546,11,Xanh Dũng Mãnh
547,11,Trắng Pro - Quốc Tế
548,11,Bạc
549,11,Lilac Purple
550,11,Ocean
551,11,Xanh Blue
552,11,Green/xanh Lá
553,11,Xanh Mint - Mint Green
554,11,Màu Đỏ
555,11,Xanh Xô Thơm
556,11,Xanh Opal
557,11,Đen Màn Đêm
558,11,Đen Huyền
559,11,Đen Hologram
560,11,Silver
561,11,Xanh Ngọc Bích
562,11,Xám Metal
563,11,Tím Thời Thượng
564,11,Navy
565,11,Xanh Icy
566,11,Space Gray
567,11,Trắng Hologram
568,11,Xanh Thép
569,11,Xám Bạc
570,11,Libra Colour Đen
571,11,Trắng - Clay White
572,11,Emerald Forest Xanh
573,11,Đen Opal
574,11,Vàng Cá Tính
575,11,Xanh Bạc Hà
576,11,Raspberry
577,11,Cyan
578,11,Blue/xanh
579,11,Titan Sa Mạc
580,11,Đỏ
581,11,Merlot
582,11,Xanh Đen
583,11,Đen Cá Tính
584,11,Xanh San Hô
585,11,Xanh Mint
586,11,Vàng Đồng
587,11,Xanh Biển
588,11,Colour Trắng
589,11,Midnight Blue
590,11,Đen Bán Dạ
591,11,Bạc Ánh Kim
592,11,Xanh Ice Blue
593,11,Xanh Iceblue
594,11,Mặt Gương
595,11,Xanh Hologram
596,11,Starlight
597,11,Bạc Sỉu
598,11,Đen Vân Đá
599,11,Đen Chiến Binh
600,11,Ngôi Sao
601,11,Xanh Đại Dương
602,11,Màu Đen
603,11,Hồng Ngọc Trai
604,11,Bạc Cực Quang
605,11,Xám Sang Trọng
606,11,Vàng
607,11,Bánh Kem
608,11,Titan Trắng
609,11,Jade
610,11,Cầu Vồng
611,11,Bạc Bất Bại
612,11,Bạc Titan
613,11,Vàng Titan
614,11,Xanh
615,11,Bạc Silver
616,11,Black/đen
617,11,Robot Dreams
618,11,Nâu Brown
619,11,Black For Kids
620,11,Blossom Pink
621,11,Đen Đá
622,11,Xanh Băng Giá
623,11,Trắng Bắc Cực
624,11,Xanh Cực Quang
625,11,Vàng Hồng Titan
626,11,Vàng Kim
627,11,Tungsten
628,11,Yellow Kids
629,11,Xanh Hoang Dã
630,11,Không Thẻ
631,11,Đen Tuyền
632,11,Gold
633,11,Champagne Gold
634,11,Đen Marble
635,11,Đen Graphite
636,11,Đen Thạch Anh
637,11,Tím - Lilac Purple
638,11,Midnight
639,11,Tím Ánh Sao
640,11,Xanh Lục Bảo
641,11,Gấu Xanh
642,11,Xanh Titan
643,11,Xanh Lưu Ly
644,11,Rose
645,11,Thỏ Hồng
646,11,Xanh Lá Lục
647,11,Emerald Forest Kids
648,11,Xanh Tím Than
649,11,Xanh Trà
650,11,Xanh Đen Navy
651,11,Đen Phantom
652,11,Đen Black
653,11,Màu Tím
654,11,Xanh Lime
655,11,Đen
656,11,Xanh Dương Blue
657,11,Máy & Ốp Xanh
658,11,Rabbit Hồng
659,11,Xanh Phỉ Thúy
660,11,Arctic Purple
661,11,Xanh Dương - Pastel Blue
662,11,Xanh Marble
663,11,Nâu Mocha
664,11,Cam
665,11,Xanh Than
666,11,Xanh Lá Cọ
667,11,Xám Marble
668,11,Titan Tự Nhiên
669,11,Pastel Blue
670,11,Xám Chì
671,11,Đen Kim Cương
672,11,Tím Tinh Vân
673,11,Vàng Biển Cát
674,11,Black
675,11,Dưa Hấu
676,11,Xanh Lá
677,11,Grey
678,11,Xám
679,11,Bear Xanh
680,11,Xanh Rêu Phong
681,11,Tím Hologram
682,11,Graphite
683,11,Hồng
684,11,Xanh Đậm
685,11,Bông Hoa
686,11,Xanh Hải Lưu
687,11,Đen Cẩm Thạch
688,11,Đen Titan
689,11,Màu Trắng
690,11,Ghi Xám
691,11,Xanh Sơn Lâm
692,11,Xanh Hải Trình
693,11,Mint Green
694,11,Xanh Navy
695,11,Clay White
696,11,Tím Oải Hương
697,11,Trắng
698,11,Xám Titan
699,11,Xanh Kem
700,11,Xanh Hải Quân
701,11,Đen Ngân Hà
702,11,Space Grey
703,11,Purple
704,11,Yellow
705,11,Tím
706,11,Xanh Ngọc
707,12,S2xp 10mp
708,12,S3dp 5.0mp
709,12,2mp/1080p
710,12,3k - 5mp Sắc Nét
711,12,S2xp 6mp
712,12,6mp
713,12,2k - 3mp
714,12,2.0mp
715,12,S3dp 3.0mp
