﻿id,name
1,Điện thoại Smartphone
2,Phụ kiện điện thoại
3,Điện thoại bàn
4,Điện thoại phổ thông
5,Máy lạnh treo tường
6,Máy lạnh tủ đứng
7,Máy lạnh - Máy điều hòa
8,Máy lạnh âm trần
9,Laptop Truyền Thống
10,Macbook
11,Laptop Gaming
12,Laptop 2 trong 1
13,Máy đọc sách
14,Máy tính bảng
15,Máy giặt cửa ngang
16,Máy giặt cửa trên
17,Máy giặt
18,Máy giặt mini
19,Tháp giặt sấy
20,Tivi 4K
21,Tivi thường (LED)
22,Tivi QLED
23,Smart Tivi - Android Tivi
24,Tivi OLED
25,Tivi cao cấp
26,Internet Tivi
27,Tủ lạnh nhiều cửa
28,Tủ lạnh mini
29,Tủ lạnh side by side
30,Tủ lạnh
31,Camera IP - Camera Wifi
32,Phụ Kiện Camera Giám Sát
33,Đầu Ghi Hình Camera
34,Hệ Thống Camera Giám Sát
35,Camera Quan Sát Analog
36,Máy tính đồng bộ
37,Mini PC
38,Máy Tính All in one
39,Máy Tính Để Bàn Lắp Ráp
40,PC Gaming
41,Towers - Máy Chủ - Server
42,Máy Chụp Ảnh Phim
43,Máy Ảnh Lấy Liền
44,Máy Ảnh - Máy Quay Phim
45,Máy Ảnh Compact - Máy Ảnh Du Lịch
46,Máy Ảnh Mirrorless
